{
  "model": "ArcFace R50 (buffalo_l) + linear SVM",
  "embedding_dim": 512,
  "identities": 98,
  "images_embedded": 2940,
  "train_size": 2058,
  "test_size": 882,
  "identification": {
    "accuracy": 0.9195011337868481,
    "precision_macro": 0.9398781157484639,
    "recall_macro": 0.9195011337868481,
    "f1_macro": 0.9223322777363685,
    "precision_weighted": 0.9398781157484638,
    "recall_weighted": 0.9195011337868481,
    "f1_weighted": 0.9223322777363685
  },
  "verification": {
    "auc": 0.9590233503740403,
    "eer": 0.07490673667173281,
    "threshold_at_eer": 0.135507732629776,
    "verification_accuracy": 0.9531649162645472,
    "n_pairs": 3523,
    "positive_pairs": 29
  }
}